{"options":{"authAPIVersion":0.9,"bookmarkThumbHeight":150,"bookmarkThumbWidth":90,"dropEnabled":true,"footerPanelEnabled":true,"headerPanelEnabled":true,"limitLocales":false,"openTemplate":"http://universalviewer.io?manifest={0}","pessimisticAccessControl":false,"rightPanelEnabled":true,"theme":"uv-en-GB-theme"},"modules":{"shareDialogue":{"options":{"embedTemplate":"<iframe src=\"{0}\" width=\"{1}\" height=\"{2}\" allowfullscreen frameborder=\"0\"></iframe>"},"content":{"customSize":"arfer","embed":"gwreiddio","embedInstructions":"Er mwyn ymgorffori'r eitem hon ar eich gwefan, cop�wch a gosodwch y cod isod.","height":"Hyd","iiif":"IIIF Manifest","share":"Rhannu","shareInstructions":"I rannu yr eitem hon, copïwch y URL isod.","size":"maint:","width":"Lled"}},"footerPanel":{"options":{"bookmarkEnabled":false,"embedEnabled":false,"feedbackEnabled":false,"minimiseButtons":true,"openEnabled":false,"shareEnabled":true},"content":{"bookmark":"Ychwanegu at nodau tudalen","download":"Lawrlwytho","embed":"Ymgorffori","exitFullScreen":"Dianc o'r sgrin lawn","fullScreen":"Sgrin lawn","open":"agored"}},"genericDialogue":{"content":{"ok":"GWELD"}},"headerPanel":{},"helpDialogue":{"content":{"text":"testun i'w osod","title":"Cymorth"}},"moreInfoRightPanel":{"options":{"canvasDisplayOrder":"","canvasExclude":"","copyToClipboardEnabled":false,"manifestDisplayOrder":"","manifestExclude":"","panelAnimationDuration":250,"panelCollapsedWidth":30,"panelExpandedWidth":255,"panelOpen":false,"rtlLanguageCodes":"ar, ara, dv, div, he, heb, ur, urd","showAllLanguages":false,"textLimit":4,"textLimitType":"lines"},"content":{"attribution":"Priodoledd","collapse":"Lleihau'r Wybodaeth","collapseFull":"Cuddio'r Galeri","description":"Disgrifiad","expand":"Ehangu'r Wybodaeth","expandFull":"Ehangu'r Galeri","holdingText":"Eich modiwl fan hyn!","less":"llai","license":"Trwydded","logo":"Logo","more":"mwy","noData":"Nid oes data i'w arddangos","page":"tudalen","title":"Mwy o Wybodaeth","manifestHeader":"Am yr eitem","canvasHeader":"Am y ddelwedd","copyToClipboard":"Copïo i'r clipfwrdd","copiedToClipboard":"Copïwyd i'r clipfwrdd"}},"pdfCenterPanel":{"options":{"titleEnabled":false}},"resourcesLeftPanel":{"options":{"elideCount":40,"galleryThumbHeight":320,"galleryThumbWidth":200,"oneColThumbHeight":320,"oneColThumbWidth":200,"pageModeEnabled":true,"panelAnimationDuration":250,"panelCollapsedWidth":30,"panelExpandedWidth":255,"panelOpen":true,"thumbsEnabled":true,"thumbsExtraHeight":8,"thumbsImageFadeInDuration":300,"thumbsLoadRange":15,"treeEnabled":true,"twoColThumbHeight":150,"twoColThumbWidth":90}},"dialogue":{"content":{"close":"Cau"}},"downloadDialogue":{"content":{"download":"Lawrlwytho","entireFileAsOriginal":"Y ffeil gyfan ({0})","noneAvailable":"Nid oes unrhyw opsiynau lawrlwytho ar gael.","preview":"Rhagolwg","title":"Lawrlwytho"}},"loginDialogue":{"content":{"login":"Mewngofnodi","cancel":"Diddymu"}},"settingsDialogue":{"content":{"locale":"Iaith","pagingEnabled":"Arddangos dwy dudalen","preserveViewport":"Cadw'r lefel o glosio","title":"Dewisiadau","website":"<a href='https://github.com/universalviewer/universalviewer'>mwy o wybodaeth</a>"}},"contentLeftPanel":{"content":{"collapse":"Cuddio'r Cynnwys","collapseFull":"Cuddio'r Galeri","expand":"Ehangu'r Cynnwys","expandFull":"Ehangu'r Galeri","index":"Mynegai","thumbnails":"Bodluniau","title":"Cynnwys"}}},"localisation":{"label":"Cymraeg","locales":[{"name":"cy-GB","label":"Cymraeg"},{"name":"en-GB","label":"English (GB)"}]},"content":{"authCORSError":"Eich porwr yn peidio cefnogi CORS, os gwelwch yn dda uwchraddio i weld y cynnwys hwn.","authorisationFailedMessage":"Nid oedd yn ymddangos eich ymgais mewngofnodi i fod yn llwyddiannus . Trio eto os gwelwch yn dda.","degradedResourceMessage":"Os gwelwch yn dda mewngofnodwch i weld yn ansawdd llawn.","degradedResourceLogin":"Mewngofnodi","forbiddenResourceMessage":"Eich hawliau mynediad presennol yn annigonol i weld llun hwn"}}