{"options":{"bookmarkThumbHeight":150,"bookmarkThumbWidth":90,"leftPanelEnabled":true,"limitLocales":false,"minWidthBreakPoint":610,"navigatorEnabled":true,"openTemplate":"http://universalviewer.io?manifest={0}","overrideFullScreen":false,"pagingEnabled":true,"pessimisticAccessControl":false,"preserveViewport":false,"rightPanelEnabled":true,"saveUserSettings":false,"searchWithinEnabled":true,"theme":"uv-cy-GB-theme","tokenStorage":"session","useArrowKeysToNavigate":false},"modules":{"contentLeftPanel":{"options":{"elideCount":40,"expandFullEnabled":true,"galleryThumbChunkedResizingEnabled":true,"galleryThumbChunkedResizingThreshold":400,"galleryThumbHeight":320,"galleryThumbLoadPadding":3,"galleryThumbWidth":200,"oneColThumbHeight":320,"oneColThumbWidth":200,"pageModeEnabled":true,"panelAnimationDuration":250,"panelCollapsedWidth":30,"panelExpandedWidth":255,"panelOpen":true,"tabOrder":"","thumbsEnabled":true,"thumbsExtraHeight":8,"thumbsImageFadeInDuration":300,"thumbsLoadRange":15,"treeEnabled":true,"twoColThumbHeight":150,"twoColThumbWidth":90},"content":{"collapse":"Cuddio'r Cynnwys","collapseFull":"Cuddio'r Galeri","date":"dyddiad","expand":"Ehangu'r Cynnwys","expandFull":"Ehangu'r Galeri","index":"Mynegai","select":"dewiswch","selectAll":"Dewis pob","selection":"Dewis","sortBy":"trefnu yn ôl","thumbnails":"Bodluniau","title":"Cynnwys","volume":"cyfaint"}},"dialogue":{"content":{"close":"Cau"}},"downloadDialogue":{"options":{"confinedImageSize":1000,"maxImageWidth":5000,"selectionEnabled":false},"content":{"currentViewAsJpg":"Golwg presennol (jpg)","download":"Lawrlwytho","downloadSelection":"Download Dewis","downloadSelectionButton":"Download PDF","editSettings":"Golygu'r dewisiadau","entireDocument":"Y Ddogfen Gyfan ({0})","entireFileAsOriginal":"Y ffeil gyfan ({0})","noneAvailable":"Nid oes unrhyw opsiynau lawrlwytho ar gael.","pagingNote":"Dad-ddewiswch 'Arddangos Dwy Dudalen' i weld dewisiadau pellach.","preview":"Rhagolwg","title":"Lawrlwytho","wholeImageHighRes":"Y ddelwedd gyfan o ansawdd uchel ({0})","wholeImageLowResAsJpg":"Y ddelwedd gyfan o ansawdd isel (jpg)"}},"embedDialogue":{"options":{"embedTemplate":"<div class=\"uv\" data-locale=\"{0}\" data-config=\"{1}\" data-uri=\"{2}\" data-collectionindex=\"{3}\" data-manifestindex=\"{4}\" data-sequenceindex=\"{5}\" data-canvasindex=\"{6}\" data-zoom=\"{7}\" data-rotation=\"{8}\" style=\"width:{9}px; height:{10}px; background-color: #000\"></div>\n<script type=\"text/javascript\" id=\"embedUV\" src=\"{11}\"></script><script type=\"text/javascript\">/* wordpress fix */</script>"},"content":{"customSize":"Maint ddewisol","height":"Hyd","instructions":"Er mwyn ymgorffori'r eitem hon ar eich gwefan, copïwch a gosodwch y cod isod.","title":"Rhannu","width":"Lled"}},"footerPanel":{"options":{"bookmarkEnabled":false,"downloadEnabled":true,"embedEnabled":true,"feedbackEnabled":false,"fullscreenEnabled":true,"minimiseButtons":true,"openEnabled":false},"content":{"bookmark":"Ychwanegu at nodau tudalen","download":"Lawrlwytho","embed":"Ymgorffori","exitFullScreen":"Dianc o'r sgrin lawn","fullScreen":"Sgrin lawn","open":"agored"}},"genericDialogue":{"content":{"emptyValue":"rhowch rif","invalidNumber":"Rhowch rif dilys","noMatches":"Dim canlyniad sy'n cyfateb.","ok":"GWELD","pageNotFound":"Nid yw'r eitem yn cynnwys tudalen gyda'r rhif a nodwyd. Ceisiwch cyfnewid y math i 'delwedd'.","refresh":"Ailosod"}},"helpDialogue":{"content":{"text":"testun i'w osod","title":"Cymorth"}},"moreInfoRightPanel":{"options":{"aggregateValues":"","canvasHeader":"About the image","canvasExclude":"","copyToClipboardEnabled":false,"displayOrder":"","manifestExclude":"","panelAnimationDuration":250,"panelCollapsedWidth":30,"panelExpandedWidth":255,"panelOpen":false,"manifestHeader":"About the book","textLimit":4,"textLimitType":"lines"},"content":{"attribution":"priodoliad","collapse":"Cuddio Mwy o Wybodaeth","collapseFull":"Cuddio'r Galeri","description":"disgrifiad","expand":"Ehangu Fwy o Wybodaeth","expandFull":"Ehangu'r Galeri","holdingText":"Eich modiwl fan hyn!","less":"llai","license":"trwydded","logo":"logo","more":"mwy","noData":"Nid oes data i'w arddangos","title":"gwybodaeth"}},"pagingHeaderPanel":{"options":{"autoCompleteBoxEnabled":true,"imageSelectionBoxEnabled":false,"localeToggleEnabled":false,"pageModeEnabled":true,"pagingToggleEnabled":true},"content":{"close":"Cau","emptyValue":"Mewnosodwch werth","first":"gyntaf","firstImage":"Delwedd Gyntaf","firstPage":"Tudalen gyntaf","folio":"ffolio","go":"GWELD","help":"Cymorth","image":"Delwedd","last":"Olaf","lastImage":"Delwedd Olaf","lastPage":"Tudalen Olaf","next":"Nesaf","nextImage":"Delwedd Nesaf","nextPage":"Tudalen Nesaf","of":"o {0}","oneUp":"Gweld un dudalen ar y tro","page":"Tudalen","previous":"Blaenorol","previousImage":"Delwedd Flaenorol","previousPage":"Tudalen Flaenorol","settings":"Dewisiadau","twoUp":"Gweld dwy dudalen ar y tro"}},"seadragonCenterPanel":{"options":{"animationTime":0.15,"autoHideControls":true,"blendTime":0,"constrainDuringPan":false,"controlsFadeAfterInactive":1500,"controlsFadeDelay":250,"controlsFadeLength":250,"defaultZoomLevel":0,"immediateRender":false,"maxZoomLevel":8,"navigatorPosition":"BOTTOM_RIGHT","pageGap":0.01,"showHomeControl":false,"trimAttributionCount":150,"visibilityRatio":0.5},"content":{"acknowledgements":"Priodoliad","goHome":"Gweld y maint gwreiddiol","imageUnavailable":"Nid oes delwedd ar gael","next":"nesaf","previous":"blaenorol","rotateRight":"Cylchdroi i'r dde","zoomIn":"Closio","zoomOut":"Gwrthglosio"}},"searchFooterPanel":{"options":{"elideDetailsTermsCount":20,"elideResultsTermsCount":5,"pageModeEnabled":true},"content":{"clearSearch":"Clirio bob dewis","defaultLabel":"-","displaying":"Dangos {0} {1} o {2}","enterKeyword":"Mewnosodwch allweddair","image":"delwedd","imageCaps":"delwedd","instanceFound":"Dangos 1 canlyniad ar gyfer '{0}' ","instancesFound":"Dangos {0} canlyniad o '{1}' ","nextResult":"Canlyniad nesaf","page":"tudalen","pageCaps":"tudalen","previousResult":"Canlyniad blaenorol","resultFoundFor":"canlyniad a geir ar gyfer","resultsFoundFor":"canlyniad ar gyfer","searchWithin":"Chwilio tu fewn i:"}},"settingsDialogue":{"content":{"locale":"Iaith","navigatorEnabled":"Navigator Galluogwyd","pagingEnabled":"Arddangos dwy dudalen","preserveViewport":"Cadw'r lefel o glosio","title":"Dewisiadau","website":"<a href='https://github.com/universalviewer/universalviewer'>mwy o wybodaeth</a>"}},"clickThroughDialogue":{"content":{"viewTerms":"Darllenwch Telerau ac Amodau Llawn"}},"loginDialogue":{"content":{"login":"Mewngofnodi","cancel":"Diddymu"}},"restrictedDialogue":{"content":{"cancel":"Diddymu"}}},"localisation":{"label":"Cymraeg","locales":[{"name":"cy-GB","label":"Cymraeg"},{"name":"en-GB","label":"English (GB)"}]},"content":{"authCORSError":"Eich porwr yn peidio cefnogi CORS, os gwelwch yn dda uwchraddio i weld y cynnwys hwn.","authorisationFailedMessage":"Nid oedd yn ymddangos eich ymgais mewngofnodi i fod yn llwyddiannus . Trio eto os gwelwch yn dda.","canvasIndexOutOfRange":"Canfas yn rhy fawr i'w arddangos (ceisiwch eto)","degradedResourceMessage":"Os gwelwch yn dda mewngofnodwch i weld yn ansawdd llawn.","degradedResourceLogin":"Mewngofnodi","forbiddenResourceMessage":"Eich hawliau mynediad presennol yn annigonol i weld llun hwn"}}