{"options":{"allowStealFocus":false,"bookmarkThumbHeight":150,"bookmarkThumbWidth":90,"dropEnabled":true,"footerPanelEnabled":true,"headerPanelEnabled":true,"leftPanelEnabled":true,"limitLocales":false,"multiSelectionMimeType":"application/zip","navigatorEnabled":true,"openTemplate":"http://universalviewer.io?manifest={0}","overrideFullScreen":false,"pagingEnabled":true,"pagingOptionEnabled":true,"pessimisticAccessControl":false,"preserveViewport":false,"rightPanelEnabled":true,"saveUserSettings":false,"searchWithinEnabled":true,"termsOfUseEnabled":false,"theme":"uv-cy-GB-theme","tokenStorage":"session","useArrowKeysToNavigate":false,"zoomToSearchResultEnabled":true},"modules":{"contentLeftPanel":{"options":{"defaultToTreeEnabled":false,"defaultToTreeIfGreaterThan":0,"elideCount":40,"expandFullEnabled":true,"galleryThumbChunkedResizingThreshold":400,"galleryThumbHeight":320,"galleryThumbLoadPadding":3,"galleryThumbWidth":200,"oneColThumbHeight":320,"oneColThumbWidth":200,"pageModeEnabled":true,"panelAnimationDuration":250,"panelCollapsedWidth":30,"panelExpandedWidth":255,"panelOpen":true,"tabOrder":"","thumbsEnabled":true,"thumbsExtraHeight":8,"thumbsImageFadeInDuration":300,"thumbsLoadRange":15,"treeEnabled":true,"twoColThumbHeight":150,"twoColThumbWidth":90},"content":{"collapse":"Lleihau'r Cynnwys","collapseFull":"Lleihau'r Galeri","date":"Dyddiad","expand":"Ehangu'r Cynnwys","expandFull":"Ehangu'r Galeri","index":"Mynegai","searchResult":"{0} canlyniad chwiliad","searchResults":"{0} canlyniadau chwilio","sortBy":"Trefnu yn ôl:","thumbnails":"Bodluniau","title":"Cynnwys","volume":"cyfrol"}},"dialogue":{"content":{"close":"Cau"}},"downloadDialogue":{"options":{"confinedImageSize":1000,"currentViewDisabledPercentage":90,"maxImageWidth":5000,"optionsExplanatoryTextEnabled":false,"selectionEnabled":false},"content":{"currentViewAsJpg":"Delwedd ddethol {0} x {1}px (jpg)","currentViewAsJpgExplanation":"Opens in a new window","download":"Lawrlwytho","downloadSelection":"Lawrlwytho'r detholiad","downloadSelectionExplanation":"Opens a dialogue to select which pages to download.","editSettings":"Golygu'r dewisiadau","entireDocument":"Y Ddogfen Gyfan ({0})","entireFileAsOriginal":"Y ffeil gyfan ({0})","noneAvailable":"Nid oes unrhyw opsiynau lawrlwytho ar gael.","pagingNote":"Dad-ddewiswch 'Arddangos Dwy Dudalen' i weld dewisiadau pellach.","preview":"Rhagolwg","title":"Lawrlwytho","wholeImageHighRes":"Delwedd gyfan {0} x {1}px ({2})","wholeImageHighResExplanation":"Opens in a new window.","wholeImagesHighRes":"Delweddau gyfan ({0})","wholeImagesHighResExplanation":"Opens in two new windows.","wholeImageLowResAsJpg":"Delwedd gyfan {0} x {1}px (jpg)","wholeImageLowResAsJpgExplanation":"Opens in a new window."}},"footerPanel":{"options":{"bookmarkEnabled":false,"downloadEnabled":true,"embedEnabled":false,"feedbackEnabled":false,"fullscreenEnabled":true,"minimiseButtons":true,"moreInfoEnabled":true,"openEnabled":false,"printEnabled":false,"shareEnabled":true},"content":{"bookmark":"Ychwanegu at nodau tudalen","download":"Lawrlwytho","embed":"Ymgorffori","feedback":"Adborth","exitFullScreen":"Dianc o'r sgrin lawn","fullScreen":"Sgrin lawn","open":"Agor","share":"Share"}},"genericDialogue":{"content":{"emptyValue":"rhowch rif","invalidNumber":"Rhowch rif dilys","noMatches":"Dim canlyniad sy'n cyfateb.","ok":"GWELD","pageNotFound":"Nid yw'r eitem yn cynnwys tudalen gyda'r rhif a nodwyd. Ceisiwch cyfnewid y math i 'delwedd'.","refresh":"Ailosod"}},"headerPanel":{"options":{"localeToggleEnabled":false,"settingsButtonEnabled":true}},"helpDialogue":{"content":{"text":"testun i'w osod","title":"Cymorth"}},"moreInfoRightPanel":{"options":{"canvasDisplayOrder":"","canvasExclude":"","copyToClipboardEnabled":false,"manifestDisplayOrder":"","manifestExclude":"","panelAnimationDuration":250,"panelCollapsedWidth":30,"panelExpandedWidth":255,"panelOpen":false,"rtlLanguageCodes":"ar, ara, dv, div, he, heb, ur, urd","showAllLanguages":false,"textLimit":4,"textLimitType":"lines"},"content":{"attribution":"Priodoledd","collapse":"Lleihau'r Wybodaeth","collapseFull":"Cuddio'r Galeri","description":"Disgrifiad","expand":"Ehangu'r Wybodaeth","expandFull":"Ehangu'r Galeri","holdingText":"Eich modiwl fan hyn!","less":"llai","license":"Trwydded","logo":"Logo","more":"mwy","noData":"Nid oes data i'w arddangos","page":"tudalen","title":"Mwy o Wybodaeth","manifestHeader":"Am yr eitem","canvasHeader":"Am y ddelwedd","copyToClipboard":"Copïo i'r clipfwrdd","copiedToClipboard":"Copïwyd i'r clipfwrdd"}},"multiSelectDialogue":{"options":{"galleryThumbChunkedResizingEnabled":true,"galleryThumbChunkedResizingThreshold":400,"galleryThumbHeight":320,"galleryThumbLoadPadding":3,"galleryThumbWidth":200,"pageModeEnabled":true},"content":{"select":"Lawrlwytho","selectAll":"Dewis Popeth","title":"Dewiswch Tudalennau i Lawrlwytho"}},"pagingHeaderPanel":{"options":{"autoCompleteBoxEnabled":true,"galleryButtonEnabled":true,"imageSelectionBoxEnabled":false,"pageModeEnabled":false,"pagingToggleEnabled":true},"content":{"close":"Cau","emptyValue":"Mewnosodwch werth","first":"gyntaf","firstImage":"Delwedd Gyntaf","firstPage":"Tudalen gyntaf","folio":"ffolio","gallery":"Oriel","go":"GWELD","help":"Cymorth","image":"Delwedd","last":"Olaf","lastImage":"Delwedd Olaf","lastPage":"Tudalen Olaf","next":"Nesaf","nextImage":"Delwedd Nesaf","nextPage":"Tudalen Nesaf","of":"o {0}","oneUp":"Gweld un dudalen ar y tro","page":"Tudalen","previous":"Blaenorol","previousImage":"Delwedd Flaenorol","previousPage":"Tudalen Flaenorol","settings":"Dewisiadau","twoUp":"Gweld dwy dudalen ar y tro"}},"seadragonCenterPanel":{"options":{"animationTime":0.15,"autoHideControls":true,"attributionEnabled":true,"blendTime":0,"constrainDuringPan":false,"controlsFadeAfterInactive":1500,"controlsFadeDelay":250,"controlsFadeLength":250,"defaultZoomLevel":0,"immediateRender":false,"maxZoomPixelRatio":1.25,"navigatorPosition":"BOTTOM_RIGHT","pageGap":50,"showHomeControl":false,"trimAttributionCount":150,"visibilityRatio":0.5},"content":{"attribution":"Priodoliad","goHome":"Gweld y maint gwreiddiol","imageUnavailable":"Nid oes delwedd ar gael","next":"nesaf","previous":"blaenorol","rotateRight":"Cylchdroi i'r dde","zoomIn":"Closio","zoomOut":"Gwrthglosio"}},"searchFooterPanel":{"options":{"elideDetailsTermsCount":20,"elideResultsTermsCount":5,"pageModeEnabled":true,"positionMarkerEnabled":true},"content":{"clearSearch":"Gwaredu","defaultLabel":"-","displaying":"{0} {1} o {2}","enterKeyword":"Mewnosodwch allweddair","image":"delwedd","imageCaps":"delwedd","instanceFound":"Dangos 1 canlyniad ar gyfer '{0}' ","instancesFound":"Dangos {0} canlyniad o '{1}' ","nextResult":"Canlyniad nesaf","page":"tudalen","pageCaps":"tudalen","previousResult":"Canlyniad blaenorol","print":"print","resultFoundFor":"canlyniad a geir ar gyfer","resultsFoundFor":"canlyniad ar gyfer","searchWithin":"Chwilio tu fewn i:"}},"settingsDialogue":{"content":{"locale":"Iaith","navigatorEnabled":"Llywiwr wedi galluogi","pagingEnabled":"Arddangos dwy dudalen","preserveViewport":"Cadw'r lefel o glosio","title":"Dewisiadau","website":"<a href='https://github.com/universalviewer/universalviewer'>mwy o wybodaeth</a>"}},"shareDialogue":{"options":{"embedTemplate":"<div class=\"uv\" data-locale=\"{0}\" data-config=\"{1}\" data-uri=\"{2}\" data-collectionindex=\"{3}\" data-manifestindex=\"{4}\" data-sequenceindex=\"{5}\" data-canvasindex=\"{6}\" data-xywh=\"{7}\" data-rotation=\"{8}\" style=\"width:{9}px; height:{10}px; background-color: #000\"></div>\n<script type=\"text/javascript\" id=\"embedUV\" src=\"{11}\"></script><script type=\"text/javascript\">/* wordpress fix */</script>","instructionsEnabled":false,"shareFrameEnabled":true},"content":{"customSize":"arfer","embed":"gwreiddio","embedInstructions":"Er mwyn ymgorffori'r eitem hon ar eich gwefan, cop�wch a gosodwch y cod isod.","height":"Hyd","iiif":"IIIF Manifest","share":"Rhannu","shareInstructions":"I rannu yr eitem hon, copïwch y URL isod.","size":"maint:","width":"Lled"}},"clickThroughDialogue":{"content":{"viewTerms":"Darllenwch y Telerau a'r Amodau Llawn"}},"loginDialogue":{"content":{"login":"Mewngofnodi","logout":"Allgofnodi","cancel":"Canslo"}},"mobileFooterPanel":{"content":{"rotateRight":"Cylchdroi i'r dde","moreInfo":"Mwy o Wybodaeth","zoomIn":"Closio","zoomOut":"Gwrthglosio"}},"restrictedDialogue":{"content":{"cancel":"Canslo"}}},"localisation":{"label":"Cymraeg","locales":[{"name":"cy-GB","label":"Cymraeg"},{"name":"en-GB","label":"English (GB)"}]},"content":{"authCORSError":"Mae angen diweddaru'ch porwr er mwyn galluogi rhannu adnoddau traws-safle.","authorisationFailedMessage":"Ni lwyddoch i fewngofnodi. Rhowch gynnig arni eto.","canvasIndexOutOfRange":"Canfas yn rhy fawr i'w arddangos (ceisiwch eto)","degradedResourceMessage":"Mewngofnodwch i weld ansawdd uchel.","degradedResourceLogin":"Mewngofnodi","forbiddenResourceMessage":"Nid yw'ch hawliau mynediad presennol yn ddigonol i weld y ddelwedd hon"}}