{"options":{"allowStealFocus":false,"authAPIVersion":1,"bookmarkThumbHeight":150,"bookmarkThumbWidth":90,"dropEnabled":true,"footerPanelEnabled":true,"headerPanelEnabled":true,"leftPanelEnabled":true,"limitLocales":false,"metrics":[{"type":"watch","minWidth":0,"maxWidth":312,"minHeight":0,"maxHeight":390},{"type":"mobileportrait","minWidth":312,"maxWidth":414,"minHeight":640,"maxHeight":812},{"type":"mobilelandscape","minWidth":640,"maxWidth":812,"minHeight":360,"maxHeight":414},{"type":"desktop","minWidth":800,"maxWidth":100000,"minHeight":640,"maxHeight":100000}],"multiSelectionMimeType":"application/zip","navigatorEnabled":true,"openTemplate":"http://universalviewer.io?manifest={0}","overrideFullScreen":false,"pagingEnabled":true,"pagingOptionEnabled":true,"pessimisticAccessControl":false,"preserveViewport":false,"rightPanelEnabled":true,"saveUserSettings":false,"clickToZoomEnabled":true,"searchWithinEnabled":true,"termsOfUseEnabled":false,"theme":"uv-en-GB-theme","tokenStorage":"session","useArrowKeysToNavigate":false,"zoomToSearchResultEnabled":true},"modules":{"contentLeftPanel":{"options":{"defaultToTreeEnabled":false,"defaultToTreeIfGreaterThan":0,"elideCount":40,"expandFullEnabled":true,"galleryThumbChunkedResizingThreshold":400,"galleryThumbHeight":320,"galleryThumbLoadPadding":3,"galleryThumbWidth":200,"oneColThumbHeight":320,"oneColThumbWidth":200,"pageModeEnabled":true,"panelAnimationDuration":250,"panelCollapsedWidth":30,"panelExpandedWidth":255,"panelOpen":true,"tabOrder":"","thumbsEnabled":true,"thumbsExtraHeight":8,"thumbsImageFadeInDuration":300,"thumbsLoadRange":15,"treeEnabled":true,"twoColThumbHeight":150,"twoColThumbWidth":90},"content":{"collapse":"Collapse Contents","collapseFull":"Collapse Gallery","date":"date","expand":"Expand Contents","expandFull":"Expand Gallery","index":"Index","manifestRanges":"Manifest Ranges","searchResult":"{0} search result","searchResults":"{0} search results","sortBy":"Sort By:","thumbnails":"Thumbnails","title":"Contents","volume":"volume"}},"dialogue":{"topCloseButtonEnabled":false,"content":{"close":"Close"}},"footerPanel":{"options":{"bookmarkEnabled":false,"downloadEnabled":true,"embedEnabled":false,"feedbackEnabled":false,"fullscreenEnabled":true,"minimiseButtons":true,"moreInfoEnabled":true,"openEnabled":false,"printEnabled":false,"shareEnabled":true},"content":{"bookmark":"Add to bookmarks","download":"Download","embed":"Embed","feedback":"Feedback","exitFullScreen":"Exit Full Screen","fullScreen":"Full Screen","open":"Open","share":"Share"}},"genericDialogue":{"content":{"emptyValue":"please enter a value.","invalidNumber":"Please enter a valid number.","noMatches":"No matches were found.","ok":"OK","pageNotFound":"This item does not contain a page with the number you entered. Try switching the numbering mode to 'image'.","refresh":"Refresh"}},"headerPanel":{"options":{"localeToggleEnabled":false,"settingsButtonEnabled":true}},"helpDialogue":{"content":{"text":"placeholder text","title":"Help"}},"moreInfoRightPanel":{"options":{"canvasDisplayOrder":"","canvasExclude":"","copyToClipboardEnabled":false,"manifestDisplayOrder":"","manifestExclude":"","panelAnimationDuration":250,"panelCollapsedWidth":30,"panelExpandedWidth":255,"panelOpen":false,"rtlLanguageCodes":"ar, ara, dv, div, he, heb, ur, urd","showAllLanguages":false,"textLimit":4,"textLimitType":"lines"},"content":{"attribution":"Attribution","collapse":"Collapse Information","collapseFull":"Collapse Gallery","description":"Description","expand":"Expand Information","expandFull":"Expand Gallery","holdingText":"Your module goes here!","less":"less","license":"License","logo":"Logo","more":"more","noData":"No data to display","page":"Page","title":"More Information","manifestHeader":"About the item","canvasHeader":"About the image","copyToClipboard":"Copy to clipboard","copiedToClipboard":"Copied to clipboard"}},"avCenterPanel":{"options":{"autoPlay":false},"content":{"play":"Play","pause":"Pause","currentTime":"Current Time","duration":"Duration"}},"settingsDialogue":{"content":{"locale":"Locale","navigatorEnabled":"Navigator Enabled","clickToZoomEnabled":"Mouse Click To Zoom","pagingEnabled":"Two Page View","preserveViewport":"Preserve Zoom","title":"Settings","website":"<a href='https://github.com/universalviewer/universalviewer#contributors'>more info</a>"}},"shareDialogue":{"options":{"embedTemplate":"<iframe src=\"{0}\" width=\"{1}\" height=\"{2}\" allowfullscreen frameborder=\"0\"></iframe>","instructionsEnabled":false,"shareFrameEnabled":true},"content":{"customSize":"custom","embed":"Embed","embedInstructions":"To embed this item in your own website, copy and paste the code below.","height":"Height","iiif":"IIIF Manifest","share":"Share","shareInstructions":"To share this item, copy the URL below.","size":"Size:","width":"Width"}},"authDialogue":{"content":{"cancel":"Cancel","confirm":"Confirm"}},"clickThroughDialogue":{"content":{"viewTerms":"Read Full Terms and Conditions"}},"loginDialogue":{"content":{"login":"Login","logout":"Logout","cancel":"Cancel"}},"restrictedDialogue":{"content":{"cancel":"Cancel"}}},"localisation":{"label":"English (GB)","locales":[{"name":"cy-GB","label":"Cymraeg"},{"name":"en-GB","label":"English (GB)"}]},"content":{"authCORSError":"Your browser does not support CORS, please upgrade to view this content.","authorisationFailedMessage":"Your log-in attempt did not appear to be successful. Please try again.","canvasIndexOutOfRange":"Canvas index out of range.","forbiddenResourceMessage":"Your current access rights are insufficient to view this image","termsOfUse":"Terms of Use"}}