{"options":{"bookmarkThumbHeight":150,"bookmarkThumbWidth":90,"leftPanelEnabled":true,"limitLocales":false,"minWidthBreakPoint":610,"navigatorEnabled":true,"openTemplate":"http://universalviewer.io?manifest={0}","overrideFullScreen":false,"pagingEnabled":true,"pagingOptionEnabled":true,"pessimisticAccessControl":false,"preserveViewport":false,"printMimeType":"application/pdf","rightPanelEnabled":true,"saveUserSettings":false,"searchWithinEnabled":true,"theme":"uv-en-GB-theme","tokenStorage":"session","useArrowKeysToNavigate":false},"modules":{"contentLeftPanel":{"options":{"defaultToTreeEnabled":false,"defaultToTreeIfGreaterThan":0,"elideCount":40,"expandFullEnabled":true,"galleryThumbChunkedResizingEnabled":true,"galleryThumbChunkedResizingThreshold":400,"galleryThumbHeight":320,"galleryThumbLoadPadding":3,"galleryThumbWidth":200,"oneColThumbHeight":320,"oneColThumbWidth":200,"pageModeEnabled":true,"panelAnimationDuration":250,"panelCollapsedWidth":30,"panelExpandedWidth":255,"panelOpen":true,"tabOrder":"","thumbsEnabled":true,"thumbsExtraHeight":8,"thumbsImageFadeInDuration":300,"thumbsLoadRange":15,"treeEnabled":true,"twoColThumbHeight":150,"twoColThumbWidth":90},"content":{"collapse":"Collapse Contents","collapseFull":"Collapse Gallery","date":"date","expand":"Expand Contents","expandFull":"Expand Gallery","index":"Index","select":"Select","selectAll":"Select all","selection":"Selection","sortBy":"Sort By:","thumbnails":"Thumbnails","title":"Contents","volume":"volume"}},"dialogue":{"content":{"close":"Close"}},"downloadDialogue":{"options":{"confinedImageSize":1000,"maxImageWidth":5000,"selectionEnabled":false},"content":{"currentViewAsJpg":"Current view {0} x {1}px (jpg)","download":"Download","downloadSelection":"Download Selection","downloadSelectionButton":"Download PDF","editSettings":"Edit Settings","entireDocument":"Entire document ({0})","entireFileAsOriginal":"Entire file ({0})","noneAvailable":"No download options are available.","pagingNote":"Please turn off Two Page View for additional options.","preview":"Preview","title":"Download","wholeImageHighRes":"Whole image {0} x {1}px ({2})","wholeImageLowResAsJpg":"Whole image {0} x {1}px (jpg)"}},"footerPanel":{"options":{"bookmarkEnabled":false,"downloadEnabled":true,"embedEnabled":true,"feedbackEnabled":false,"fullscreenEnabled":true,"minimiseButtons":true,"openEnabled":false,"printEnabled":false},"content":{"bookmark":"Add to bookmarks","download":"Download","embed":"Share","feedback":"Feedback","exitFullScreen":"Exit Full Screen","fullScreen":"Full Screen","open":"Open","share":"Share"}},"genericDialogue":{"content":{"emptyValue":"please enter a value.","invalidNumber":"Please enter a valid number.","noMatches":"No matches were found.","ok":"OK","pageNotFound":"This item does not contain a page with the number you entered. Try switching the numbering mode to 'image'.","refresh":"Refresh"}},"helpDialogue":{"content":{"text":"placeholder text","title":"Help"}},"moreInfoRightPanel":{"options":{"aggregateValues":"","canvasExclude":"","copyToClipboardEnabled":false,"displayOrder":"","manifestExclude":"","panelAnimationDuration":250,"panelCollapsedWidth":30,"panelExpandedWidth":255,"panelOpen":false,"textLimit":4,"textLimitType":"lines"},"content":{"attribution":"Attribution","collapse":"Collapse Information","collapseFull":"Collapse Gallery","description":"Description","expand":"Expand Information","expandFull":"Expand Gallery","holdingText":"Your module goes here!","less":"less","license":"License","logo":"Logo","more":"more","noData":"No data to display","title":"More Information","manifestHeader":"About the book","canvasHeader":"About the image","copyToClipboard":"Copy to clipboard","copiedToClipboard":"Copied to clipboard"}},"pagingHeaderPanel":{"options":{"autoCompleteBoxEnabled":true,"imageSelectionBoxEnabled":false,"localeToggleEnabled":false,"pageModeEnabled":true,"pagingToggleEnabled":true},"content":{"close":"Close","emptyValue":"Please enter a value","first":"First","firstImage":"First Image","firstPage":"First Page","folio":"Folio","go":"Go","help":"Help","image":"Image","last":"Last","lastImage":"Last Image","lastPage":"Last Page","next":"Next","nextImage":"Next Image","nextPage":"Next Page","of":"of {0}","oneUp":"Single page view","page":"Page","previous":"Previous","previousImage":"Previous Image","previousPage":"Previous Page","settings":"Settings","twoUp":"Two page view"}},"seadragonCenterPanel":{"options":{"animationTime":0.15,"autoHideControls":true,"blendTime":0,"constrainDuringPan":false,"controlsFadeAfterInactive":1500,"controlsFadeDelay":250,"controlsFadeLength":250,"defaultZoomLevel":0,"immediateRender":false,"maxZoomLevel":8,"navigatorPosition":"BOTTOM_RIGHT","pageGap":50,"showHomeControl":false,"trimAttributionCount":150,"visibilityRatio":0.5},"content":{"acknowledgements":"Attribution","goHome":"Go Home","imageUnavailable":"Image Unavailable","next":"Next","previous":"Previous","rotateRight":"Rotate Right","zoomIn":"Zoom In","zoomOut":"Zoom Out"}},"searchFooterPanel":{"options":{"elideDetailsTermsCount":20,"elideResultsTermsCount":10,"pageModeEnabled":true},"content":{"clearSearch":"Clear","defaultLabel":"-","displaying":"{0} {1} of {2}","enterKeyword":"Enter Keyword","image":"image","imageCaps":"Image","instanceFound":"1 instance of '{0}' found","instancesFound":"{0} instances of '{1}' found","nextResult":"Next Result","page":"page","pageCaps":"Page","previousResult":"Previous Result","print":"Print","resultFoundFor":"result found for","resultsFoundFor":"results found for","searchWithin":"Search within this item:"}},"settingsDialogue":{"content":{"locale":"Locale","navigatorEnabled":"Navigator Enabled","pagingEnabled":"Two Page View","preserveViewport":"Preserve Zoom","title":"Settings","website":"<a href='https://github.com/universalviewer/universalviewer'>more info</a>"}},"shareDialogue":{"options":{"embedTemplate":"<div class=\"uv\" data-locale=\"{0}\" data-config=\"{1}\" data-uri=\"{2}\" data-collectionindex=\"{3}\" data-manifestindex=\"{4}\" data-sequenceindex=\"{5}\" data-canvasindex=\"{6}\" data-zoom=\"{7}\" data-rotation=\"{8}\" style=\"width:{9}px; height:{10}px; background-color: #000\"></div>\n<script type=\"text/javascript\" id=\"embedUV\" src=\"{11}\"></script><script type=\"text/javascript\">/* wordpress fix */</script>"},"content":{"customSize":"custom","height":"Height","instructions":"To embed this item in your own website, copy and paste the code below.","share":"Share","embed":"Embed","width":"Width","size":"Size:"}},"clickThroughDialogue":{"content":{"viewTerms":"Read Full Terms and Conditions"}},"loginDialogue":{"content":{"login":"Login","logout":"Logout","cancel":"Cancel"}},"restrictedDialogue":{"content":{"cancel":"Cancel"}}},"localisation":{"label":"English (GB)","locales":[{"name":"cy-GB","label":"Cymraeg"},{"name":"en-GB","label":"English (GB)"}]},"content":{"authCORSError":"Your browser does not support CORS, please upgrade to view this content.","authorisationFailedMessage":"Your log-in attempt did not appear to be successful. Please try again.","canvasIndexOutOfRange":"Canvas index out of range.","degradedResourceMessage":"Please log in to view at full quality.","degradedResourceLogin":"log in","forbiddenResourceMessage":"Your current access rights are insufficient to view this image"}}